pepsico.com,https://www.pepsico.com/,"vendor, supply chain, join, sign, become"
pepsico.com,https://www.pepsico.com/media-gallery,"vendor, join, sign"
pepsico.com,https://www.pepsico.com/our-stories/press-releases,"vendor, join, sign"
pepsico.com,https://www.pepsico.com/investors/investor-contacts,"vendor, register, join, sign"
pepsico.com,https://www.pepsico.com/contact,"vendor, join, sign"
pepsico.com,https://www.pepsico.com/investors/investor-relations,"vendor, join, sign"
pepsico.com,https://contact.pepsico.com/pepsico/article/pepsicos-unsolicited-idea-policy,"vendor, supplier, supply chain, register, join, sign, become"
pepsico.com,https://www.pepsico.com/our-stories,"vendor, join, sign"
pepsico.com,https://www.pepsico.com/our-brands/for-businesses/foodservice,"vendor, join, sign"
pepsico.com,https://www.pepsico.com/our-brands/for-shoppers/product-locator,"vendor, join, sign"
pepsico.com,https://contact.pepsico.com/pepsico/site-map,"vendor, supplier, supply chain, register, join, sign"
pepsico.com,https://www.pepsico.com/our-brands/creating-smiles/our-nutrition-story,"vendor, join, sign"
pepsico.com,https://www.pepsico.com/our-stories/press-release/rockstar-energy-drink-and-global-superstar-myke-towers-unveil-the-next-rising-st04172024/,"vendor, join, sign"
pepsico.com,https://www.pepsico.com/our-brands/creating-smiles/our-products,"vendor, join, sign"
pepsico.com,https://www.pepsico.com/our-impact/philanthropy/one-smile-at-a-time,"vendor, join, sign"
pepsico.com,https://www.pepsico.com/our-impact/philanthropy/pepsico-foundation,"vendor, register, join, sign"
pepsico.com,https://www.pepsico.com/our-impact/diversity/diversity-report,"vendor, supplier, supply chain, join, sign"
pepsico.com,https://www.pepsico.com/our-impact/diversity/racial-equality-journey,"vendor, supplier, supply chain, join, sign"
pepsico.com,https://www.pepsico.com/legal/about-our-ads,"vendor, register, join, sign"
pepsico.com,https://www.pepsico.com/legal/accessibility-statement,"vendor, join, sign"
pepsico.com,https://www.pepsico.com/legal/privacy,"vendor, register, join, sign"
pepsico.com,https://www.pepsico.com/legal/terms-of-use,"vendor, supplier, join, sign"
pepsico.com,https://www.pepsico.com/our-stories/story-category,"vendor, join, sign"
tysonfoods.com,https://www.tysonfoods.com/news/news-releases/2024/3/tyson-ventures-invites-startups-apply-tyson-demo-day-2024,"sourcing, supplier, supply chain, sign, become"
tysonfoods.com,https://www.tysonfoods.com/careers,"supplier, supply chain, join, sign"
tysonfoods.com,https://www.tysonfoods.com/innovation/food-innovation/food-quality-leader/certifications-and-programs,"supplier, supply chain, sign"
tysonfoods.com,https://www.tysonfoods.com/news/news-releases?year=All&topic=66,"supply chain, join, become"
coca-colacompany.com,https://www.coca-colacompany.com/,"supplier diversity, sourcing, supplier, sign"
coca-colacompany.com,https://www.coca-colacompany.com/sustainability/in-our-products/sugar-reduction,"supplier diversity, supplier, sign"
coca-colacompany.com,https://www.coca-colacompany.com/sustainability/in-our-products,"supplier diversity, supplier, sign, become"
coca-colacompany.com,https://www.coca-colacompany.com/sustainability/climate,"supplier diversity, sourcing, supplier, sign"
coca-colacompany.com,https://www.coca-colacompany.com/sustainability/packaging-sustainability/partner,"supplier diversity, supplier, supply chain, sign"
coca-colacompany.com,https://www.coca-colacompany.com/sustainability/packaging-sustainability/design,"supplier diversity, supplier, sign"
coca-colacompany.com,https://www.coca-colacompany.com/sustainability/packaging-sustainability/collect,"supplier diversity, supplier, join, sign"
coca-colacompany.com,https://www.coca-colacompany.com/sustainability/packaging-sustainability,"supplier diversity, supplier, supply chain, join, sign"
coca-colacompany.com,https://www.coca-colacompany.com/policies-and-practices/principles-for-sustainable-agriculture,"supplier diversity, sourcing, supplier, supply chain, join, sign"
coca-colacompany.com,https://www.coca-colacompany.com/sustainability/sustainable-agriculture,"supplier diversity, sourcing, supplier, supply chain, sign"
coca-colacompany.com,https://www.coca-colacompany.com/media-center/coca-cola-shares-key-goals-of-2030-water-security-strategy,"supplier diversity, sourcing, supplier, supply chain, join, sign"
coca-colacompany.com,https://www.coca-colacompany.com/sustainability/water-stewardship,"supplier diversity, supplier, join, sign"
coca-colacompany.com,https://www.coca-colacompany.com/about-us/history/coca-colas-sustainability-history,"supplier diversity, supplier, join, sign, become"
coca-colacompany.com,https://www.coca-colacompany.com/about-us/history/the-history-of-the-coca-cola-contour-bottle,"supplier diversity, supplier, join, sign, become"
coca-colacompany.com,https://www.coca-colacompany.com/about-us/history/the-birth-of-a-refreshing-idea,"supplier diversity, supplier, sign"
coca-colacompany.com,https://www.coca-colacompany.com/policies-and-practices/terms-of-service,"supplier diversity, supplier, register, join, sign"
coca-colacompany.com,https://www.coca-colacompany.com/about-us/contact-us,"supplier diversity, supplier, register, join, sign"
coca-colacompany.com,https://www.coca-colacompany.com/media-center/project-last-mile-covid-19-vaccine-distribution,"supplier diversity, supplier, supply chain, sign"
coca-colacompany.com,https://www.coca-colacompany.com/policies-and-practices/coca-cola-commitment-to-the-un-global-compact,"supplier diversity, supplier, sign"
coca-colacompany.com,https://www.coca-colacompany.com/media-center/coca-cola-announces-loan-agreement-with-ioniqa-technologies,"supplier diversity, supplier, join, sign"
coca-colacompany.com,https://www.coca-colacompany.com/media-center/coca-cola-announces-industry-leading-target-for-reusable-packaging,"supplier diversity, supplier, sign"
coca-colacompany.com,https://www.coca-colacompany.com/media-center/james-quincey-reinforces-coca-cola-sustainability-commitment-signing-joint-statement-on-circular-economy,"supplier diversity, supplier, supply chain, join, sign"
generalmills.com,https://www.generalmills.com,"sourcing, supplier, supply chain, sign"
generalmills.com,https://www.generalmills.com/news,"sourcing, supplier, supply chain, sign"
generalmills.com,https://www.generalmills.com/how-we-make-it/responsible-marketing-and-advertising,"sourcing, supplier, supply chain, sign"
generalmills.com,https://www.generalmills.com/how-we-make-it/partnerships-and-collaborations,"sourcing, supplier, supply chain, sign"
generalmills.com,https://www.generalmills.com/how-we-make-it/healthier-planet/sustainable-and-responsible-sourcing,"sourcing, supplier, supply chain, sign"
generalmills.com,https://www.generalmills.com/how-we-make-it/healthier-planet/supply-chain-and-sourcing-ingredients,"sourcing, supplier, supply chain, sign"
generalmills.com,https://www.generalmills.com/how-we-make-it/healthier-planet/environmental-impact,"sourcing, supplier, supply chain, sign"
generalmills.com,https://www.generalmills.com/how-we-make-it/healthier-planet,"sourcing, supplier, supply chain, sign"
generalmills.com,https://www.generalmills.com/how-we-make-it/food-safety,"sourcing, supplier, supply chain, sign"
generalmills.com,https://www.generalmills.com/how-we-make-it/ethics-and-integrity,"sourcing, supplier, supply chain, sign"
generalmills.com,https://www.generalmills.com/how-we-make-it/building-strong-communities/helping-our-hometowns,"sourcing, supplier, supply chain, sign"
generalmills.com,https://www.generalmills.com/how-we-make-it/building-strong-communities/food-security,"sourcing, supplier, supply chain, sign"
generalmills.com,https://www.generalmills.com/how-we-make-it/building-strong-communities/civic-involvement,"sourcing, supplier, supply chain, register, sign"
generalmills.com,https://www.generalmills.com/how-we-make-it/building-strong-communities,"sourcing, supplier, supply chain, sign"
generalmills.com,https://www.generalmills.com/how-we-make-it/putting-people-first/global-inclusion-diversity,"sourcing, supplier, supply chain, sign"
generalmills.com,https://www.generalmills.com/how-we-make-it/putting-people-first/employee-safety,"sourcing, supplier, supply chain, sign"
generalmills.com,https://www.generalmills.com/slavery-and-human-trafficking-statement,"vendor, sourcing, supplier, supply chain, procurement, join, sign"
generalmills.com,https://www.generalmills.com/sitemap,"sourcing, supplier, supply chain, sign"
generalmills.com,https://www.generalmills.com/how-we-make-it/healthier-planet/sustainable-and-responsible-sourcing/palm-oil,"sourcing, supplier, supply chain, join, sign"
generalmills.com,https://www.generalmills.com/news/stories/mooving-ahead-with-sustainably-sourced-milk,"sourcing, supplier, supply chain, sign"
generalmills.com,https://www.generalmills.com/about-us/work-with-us/suppliers/guidelines-resources,"supplier diversity, vendor, sourcing, supplier, supply chain, sign, become"
generalmills.com,https://www.generalmills.com/news/stories/a-trip-to-stoney-creek-farm,"sourcing, supplier, supply chain, join, sign"
conagrabrands.com,https://www.conagrabrands.com,"sourcing, supplier, supply chain, join, sign, become"
conagrabrands.com,https://careers.conagrabrands.com/us/en/search-results,"vendor, supply chain, procurement, register, join, sign"
conagrabrands.com,https://www.conagrabrands.com/investor-relations/corporate-governance/board-contact,"sourcing, supplier, supply chain, join, sign"
conagrabrands.com,https://www.conagrabrands.com/investor-relations/corporate-governance/audit-finance-committee-contact,"sourcing, supplier, supply chain, join, sign"
conagrabrands.com,https://www.conagrabrands.com/investor-relations/corporate-governance/political-activity-disclosure,"sourcing, supplier, supply chain, join, sign"
conagrabrands.com,https://www.conagrabrands.com/investor-relations/corporate-governance/nominating-and-corporate-governance-committee,"sourcing, supplier, supply chain, join, sign, become"
conagrabrands.com,https://www.conagrabrands.com/investor-relations/corporate-governance/human-resources-charter,"sourcing, supplier, supply chain, join, sign"
conagrabrands.com,https://www.conagrabrands.com/investor-relations/corporate-governance/audit-finance,"sourcing, supplier, supply chain, join, sign, become"
conagrabrands.com,https://www.conagrabrands.com/investor-relations/corporate-governance/board-committees,"sourcing, supplier, supply chain, join, sign"
conagrabrands.com,https://www.conagrabrands.com/investor-relations/corporate-governance/code-of-ethics,"sourcing, supplier, supply chain, join, sign"
conagrabrands.com,https://www.conagrabrands.com/investor-relations/corporate-governance/principles,"sourcing, supplier, supply chain, join, sign"
conagrabrands.com,https://www.conagrabrands.com/investor-relations/corporate-governance,"sourcing, supplier, supply chain, join, sign"
conagrabrands.com,https://www.conagrabrands.com/investor-relations/request-printed-materials,"sourcing, supplier, supply chain, join, sign"
conagrabrands.com,https://www.conagrabrands.com/investor-relations/shareholder-services,"sourcing, supplier, supply chain, join, sign"
conagrabrands.com,https://www.conagrabrands.com/digital-accessibility-statement,"sourcing, supplier, supply chain, join, sign"
conagrabrands.com,https://www.conagrabrands.com/state-specific-privacy-notice,"sourcing, supplier, supply chain, join, sign"
conagrabrands.com,https://www.conagrabrands.com/our-company/overview/company-milestones,"sourcing, supplier, supply chain, join, sign, become"
conagrabrands.com,https://www.conagrabrands.com/our-company/conagra-brands-foundation,"sourcing, supplier, supply chain, join, sign"
conagrabrands.com,https://www.conagrabrands.com/investor-relations/corporate-governance/calendar-year-2019-political-activity-disclosure-archive,"sourcing, supplier, supply chain, join, sign"
conagrabrands.com,https://www.conagrabrands.com/investor-relations/corporate-governance/calendar-year-2020-political-activity-disclosure-archive,"sourcing, supplier, supply chain, join, sign"
conagrabrands.com,https://www.conagrabrands.com/investor-relations/corporate-governance/calendar-year-2021-political-activity-disclosure-archive,"sourcing, supplier, supply chain, join, sign"
jmsmucker.com,https://www.jmsmucker.com/,"sourcing, supply chain, sign, become"
jmsmucker.com,https://www.jmsmucker.com/about-our-ads,"vendor, sourcing, supply chain, sign"
jmsmucker.com,https://www.jmsmucker.com/brands-you-love/marketing-responsibly,"sourcing, supply chain, join"
jmsmucker.com,https://www.jmsmucker.com/contact,"sourcing, supply chain, sign"
jmsmucker.com,https://www.jmsmucker.com/faq,"sourcing, supplier, supply chain, register, sign, become"
jmsmucker.com,https://www.jmsmucker.com/our-impact/healthier-planet,"sourcing, supplier, supply chain, sign"
jmsmucker.com,https://www.jmsmucker.com/our-impact/equitable-and-ethical-treatment,"sourcing, supplier, supply chain, join"
jmsmucker.com,https://www.jmsmucker.com/news-stories/inside-smucker-blog,"supplier diversity, sourcing, supplier, supply chain, sign, become"
jmsmucker.com,https://www.jmsmucker.com/smucker-store,"sourcing, supply chain, sign, become"
jmsmucker.com,https://www.jmsmucker.com/terms,"sourcing, supplier, supply chain, join, sign"
jmsmucker.com,https://www.jmsmucker.com/our-impact/quality-food/responsible-sourcing/global-responsible-sourcing,"supplier diversity, sourcing, supplier, supply chain, register, sign"
jmsmucker.com,https://www.jmsmucker.com/privacy-policy,"vendor, sourcing, supplier, supply chain, register, sign"
